{"lru": {"5": {"js": 238.65277777777777, "py": 1252.2159624413146, "rb": 5288.072115384615, "php": 928.0552486187845, "jar": 11294.412087912087}, "10": {"js": 209.5601851851852, "py": 1107.037558685446, "rb": 4574.663461538462, "php": 838.232044198895, "jar": 10325.15934065934}, "15": {"js": 278.8703703703704, "py": 1242.4647887323943, "rb": 4849.014423076923, "php": 900.5469613259669, "jar": 12091.670329670329}}, "mfe": {"5": {"js": 252.94444444444446, "py": 646.1173708920188, "rb": 4615.134615384615, "php": 892.0220994475138, "jar": 10856.648351648351}, "10": {"js": 559.8379629629629, "py": 706.7370892018779, "rb": 4907.163461538462, "php": 966.2541436464088, "jar": 10981.461538461539}, "15": {"js": 294.625, "py": 843.9906103286385, "rb": 5412.528846153846, "php": 1020.8232044198895, "jar": 11648.175824175823}}, "mru": {"5": {"js": 253.86574074074073, "py": 1485.4600938967137, "rb": 5023.528846153846, "php": 912.353591160221, "jar": 11371.895604395604}, "10": {"js": 251.25462962962962, "py": 1426.5680751173709, "rb": 4754.129807692308, "php": 1536.2265193370165, "jar": 10373.252747252747}, "15": {"js": 536.574074074074, "py": 2537.042253521127, "rb": 5763.946859903382, "php": 1567.7127071823204, "jar": 11665.0}}, "pq": {"5": {"js": 257.18055555555554, "py": 1188.4225352112676, "rb": 4833.990384615385, "php": 1212.4585635359117, "jar": 10750.065934065935}, "10": {"js": 211.57407407407408, "py": 1163.7652582159624, "rb": 4529.985576923077, "php": 838.9447513812155, "jar": 10764.554945054944}, "15": {"js": 286.3009259259259, "py": 1279.8403755868544, "rb": 5384.350961538462, "php": 914.8729281767955, "jar": 11548.225274725275}}, "naive": {"5": {"js": 497.4212962962963, "py": 1099.4647887323943, "rb": 4662.802884615385, "php": 1187.243093922652, "jar": 11798.582417582418}, "10": {"js": 497.4212962962963, "py": 1099.4647887323943, "rb": 4662.802884615385, "php": 1187.243093922652, "jar": 11798.582417582418}, "15": {"js": 497.4212962962963, "py": 1099.4647887323943, "rb": 4662.802884615385, "php": 1187.243093922652, "jar": 11798.582417582418}}}