{
    "lru": {
        "5": {
            "cold": 422,
            "warm": 119,
            "prewarmed": 156,
            "recreated": 303,
            "jar": 11294.412087912087,
            "py": 1252.2159624413146,
            "js": 238.65277777777777,
            "rb": 5288.072115384615,
            "php": 928.0552486187845
        },
        "10": {
            "cold": 356,
            "warm": 151,
            "prewarmed": 149,
            "recreated": 344,
            "jar": 10325.15934065934,
            "py": 1107.037558685446,
            "js": 209.5601851851852,
            "rb": 4574.663461538462,
            "php": 838.232044198895
        },
        "15": {
            "cold": 342,
            "warm": 148,
            "prewarmed": 146,
            "recreated": 364,
            "jar": 12091.670329670329,
            "py": 1242.4647887323943,
            "js": 278.8703703703704,
            "rb": 4849.014423076923,
            "php": 900.5469613259669
        }
    },
    "mfe": {
        "5": {
            "cold": 216,
            "warm": 212,
            "prewarmed": 157,
            "recreated": 415,
            "jar": 10856.648351648351,
            "py": 646.1173708920188,
            "js": 252.94444444444446,
            "rb": 4615.134615384615,
            "php": 892.0220994475138
        },
        "10": {
            "cold": 240,
            "warm": 213,
            "prewarmed": 145,
            "recreated": 402,
            "jar": 10981.461538461539,
            "py": 706.7370892018779,
            "js": 559.8379629629629,
            "rb": 4907.163461538462,
            "php": 966.2541436464088
        },
        "15": {
            "cold": 224,
            "warm": 208,
            "prewarmed": 146,
            "recreated": 422,
            "jar": 11648.175824175823,
            "py": 843.9906103286385,
            "js": 294.625,
            "rb": 5412.528846153846,
            "php": 1020.8232044198895
        }
    },
    "mru": {
        "5": {
            "cold": 352,
            "warm": 111,
            "prewarmed": 163,
            "recreated": 374,
            "jar": 11371.895604395604,
            "py": 1485.4600938967137,
            "js": 253.86574074074073,
            "rb": 5023.528846153846,
            "php": 912.353591160221
        },
        "10": {
            "cold": 367,
            "warm": 134,
            "prewarmed": 153,
            "recreated": 346,
            "jar": 10373.252747252747,
            "py": 1426.5680751173709,
            "js": 251.25462962962962,
            "rb": 4754.129807692308,
            "php": 1536.2265193370165
        },
        "15": {
            "cold": 335,
            "warm": 139,
            "prewarmed": 150,
            "recreated": 374,
            "jar": 11665.0,
            "py": 2537.042253521127,
            "js": 536.574074074074,
            "rb": 5763.946859903382,
            "php": 1567.7127071823204
        }
    },
    "pq": {
        "5": {
            "cold": 355,
            "warm": 122,
            "prewarmed": 158,
            "recreated": 365,
            "jar": 10750.065934065935,
            "py": 1188.4225352112676,
            "js": 257.18055555555554,
            "rb": 4833.990384615385,
            "php": 1212.4585635359117
        },
        "10": {
            "cold": 386,
            "warm": 135,
            "prewarmed": 163,
            "recreated": 316,
            "jar": 10764.554945054944,
            "py": 1163.7652582159624,
            "js": 211.57407407407408,
            "rb": 4529.985576923077,
            "php": 838.9447513812155
        },
        "15": {
            "cold": 385,
            "warm": 140,
            "prewarmed": 160,
            "recreated": 315,
            "jar": 11548.225274725275,
            "py": 1279.8403755868544,
            "js": 286.3009259259259,
            "rb": 5384.350961538462,
            "php": 914.8729281767955
        }
    },
    "naive": {
        "5": {
            "cold": 301,
            "warm": 200,
            "prewarmed": 128,
            "recreated": 371,
            "jar": 11798.582417582418,
            "py": 1099.4647887323943,
            "js": 497.4212962962963,
            "rb": 4662.802884615385,
            "php": 1187.243093922652
        },
        "10": {
            "cold": 301,
            "warm": 200,
            "prewarmed": 128,
            "recreated": 371,
            "jar": 11798.582417582418,
            "py": 1099.4647887323943,
            "js": 497.4212962962963,
            "rb": 4662.802884615385,
            "php": 1187.243093922652
        },
        "15": {
            "cold": 301,
            "warm": 200,
            "prewarmed": 128,
            "recreated": 371,
            "jar": 11798.582417582418,
            "py": 1099.4647887323943,
            "js": 497.4212962962963,
            "rb": 4662.802884615385,
            "php": 1187.243093922652
        }
    }
}